transaction_id,user_id,transaction_date,amount,status
T000001,U00001,2025-04-14,1000,success
T000002,U00003,2025-04-05,2000,success
T000003,U00004,2025-01-18,1000,success
T000004,U00008,2025-01-23,1000,success
T000005,U00011,2025-03-31,2000,success
T000006,U00013,2025-03-20,1000,success
T000007,U00016,2025-04-12,2000,success
T000008,U00017,2025-04-15,2000,success
T000009,U00018,2025-01-26,10000,success
T000010,U00020,2025-01-27,20000,success
T000011,U00022,2025-01-04,1000,success
T000012,U00023,2025-03-31,10000,success
T000013,U00025,2025-02-04,20000,success
T000014,U00030,2025-01-26,5000,success
T000015,U00031,2025-02-05,20000,success
T000016,U00033,2025-03-01,2000,success
T000017,U00034,2025-01-24,10000,success
T000018,U00036,2025-04-02,5000,success
T000019,U00038,2025-04-04,2000,success
T000020,U00039,2025-03-04,5000,success
T000021,U00040,2025-02-17,2000,success
T000022,U00041,2025-04-06,1000,success
T000023,U00047,2025-02-18,1000,success
T000024,U00048,2025-03-04,5000,success
T000025,U00050,2025-04-18,5000,success
T000026,U00052,2025-04-29,2000,success
T000027,U00056,2025-02-22,2000,success
T000028,U00058,2025-01-22,1000,success
T000029,U00062,2025-01-08,2000,success
T000030,U00063,2025-03-31,10000,success
T000031,U00064,2025-03-04,10000,success
T000032,U00065,2025-01-17,5000,success
T000033,U00067,2025-01-12,20000,success
T000034,U00071,2025-03-26,10000,success
T000035,U00073,2025-04-23,1000,success
T000036,U00074,2025-03-03,2000,success
T000037,U00079,2025-02-06,1000,success
T000038,U00080,2025-03-21,2000,success
T000039,U00081,2025-03-24,10000,success
T000040,U00083,2025-02-20,1000,success
T000041,U00084,2025-04-14,10000,success
T000042,U00088,2025-02-25,5000,success
T000043,U00095,2025-04-01,5000,success
T000044,U00097,2025-02-06,1000,success
T000045,U00104,2025-01-18,1000,success
T000046,U00105,2025-03-13,5000,success
T000047,U00107,2025-03-30,10000,success
T000048,U00108,2025-03-04,10000,success
T000049,U00112,2025-04-22,5000,success
T000050,U00114,2025-04-25,1000,success
T000051,U00117,2025-01-29,1000,success
T000052,U00120,2025-04-24,10000,success
T000053,U00122,2025-02-02,1000,success
T000054,U00125,2025-03-07,5000,success
T000055,U00127,2025-03-15,2000,success
T000056,U00128,2025-01-11,2000,success
T000057,U00129,2025-03-30,2000,success
T000058,U00131,2025-04-21,20000,success
T000059,U00137,2025-03-25,10000,success
T000060,U00139,2025-02-04,10000,success
T000061,U00143,2025-04-19,2000,success
T000062,U00144,2025-04-13,1000,success
T000063,U00147,2025-01-11,20000,success
T000064,U00151,2025-02-05,1000,success
T000065,U00153,2025-02-17,2000,success
T000066,U00154,2025-05-02,1000,success
T000067,U00156,2025-03-07,2000,success
T000068,U00160,2025-02-16,2000,success
T000069,U00163,2025-04-05,10000,success
T000070,U00165,2025-03-11,20000,success
T000071,U00166,2025-04-14,2000,success
T000072,U00167,2025-04-12,1000,success
T000073,U00171,2025-01-05,5000,success
T000074,U00172,2025-01-08,2000,success
T000075,U00176,2025-04-15,20000,success
T000076,U00181,2025-04-01,1000,success
T000077,U00182,2025-02-14,1000,success
T000078,U00187,2025-04-16,5000,success
T000079,U00189,2025-02-26,10000,success
T000080,U00190,2025-04-10,2000,success
T000081,U00192,2025-04-06,1000,success
T000082,U00196,2025-04-21,2000,success
T000083,U00199,2025-01-29,2000,success
T000084,U00203,2025-03-16,1000,success
T000085,U00208,2025-03-11,10000,success
T000086,U00214,2025-01-11,1000,success
T000087,U00215,2025-01-31,2000,success
T000088,U00219,2025-03-27,5000,success
T000089,U00221,2025-03-06,1000,success
T000090,U00225,2025-04-01,10000,success
T000091,U00228,2025-04-11,5000,success
T000092,U00233,2025-03-22,1000,success
T000093,U00235,2025-01-06,10000,success
T000094,U00236,2025-04-16,2000,success
T000095,U00241,2025-03-07,5000,success
T000096,U00246,2025-02-16,10000,success
T000097,U00248,2025-03-22,10000,success
T000098,U00249,2025-03-05,2000,success
T000099,U00250,2025-05-02,1000,success
T000100,U00251,2025-02-05,1000,success
T000101,U00252,2025-04-06,10000,success
T000102,U00254,2025-04-20,20000,success
T000103,U00256,2025-04-27,1000,success
T000104,U00257,2025-03-05,1000,success
T000105,U00259,2025-03-02,10000,success
T000106,U00266,2025-04-15,2000,success
T000107,U00268,2025-03-01,1000,success
T000108,U00271,2025-04-26,1000,success
T000109,U00273,2025-01-07,2000,success
T000110,U00274,2025-04-05,20000,success
T000111,U00275,2025-02-27,20000,success
T000112,U00278,2025-04-06,2000,success
T000113,U00279,2025-04-11,20000,success
T000114,U00282,2025-01-03,1000,success
T000115,U00285,2025-03-31,10000,success
T000116,U00287,2025-03-16,1000,success
T000117,U00288,2025-02-01,10000,success
T000118,U00289,2025-04-29,2000,success
T000119,U00291,2025-02-25,1000,success
T000120,U00292,2025-03-17,20000,success
T000121,U00295,2025-02-09,1000,success
T000122,U00301,2025-03-28,20000,success
T000123,U00302,2025-01-15,1000,success
T000124,U00303,2025-04-23,1000,success
T000125,U00304,2025-01-22,10000,success
T000126,U00305,2025-04-09,5000,success
T000127,U00308,2025-03-14,2000,success
T000128,U00311,2025-01-07,1000,success
T000129,U00312,2025-01-23,5000,success
T000130,U00314,2025-02-06,2000,success
T000131,U00315,2025-01-22,2000,success
T000132,U00317,2025-03-11,5000,success
T000133,U00318,2025-01-19,5000,success
T000134,U00321,2025-03-12,20000,success
T000135,U00325,2025-02-13,5000,success
T000136,U00329,2025-01-02,2000,success
T000137,U00330,2025-01-16,2000,success
T000138,U00331,2025-04-04,2000,success
T000139,U00334,2025-02-22,1000,success
T000140,U00338,2025-02-12,2000,success
T000141,U00339,2025-04-13,10000,success
T000142,U00341,2025-01-22,10000,success
T000143,U00344,2025-04-26,5000,success
T000144,U00347,2025-01-06,5000,success
T000145,U00349,2025-02-23,2000,success
T000146,U00350,2025-01-17,5000,success
T000147,U00353,2025-02-06,10000,success
T000148,U00354,2025-05-02,5000,success
T000149,U00358,2025-01-23,1000,success
T000150,U00363,2025-01-28,5000,success
T000151,U00364,2025-02-27,5000,success
T000152,U00365,2025-05-04,1000,success
T000153,U00367,2025-01-26,1000,success
T000154,U00372,2025-02-09,10000,success
T000155,U00373,2025-02-11,5000,success
T000156,U00375,2025-03-29,10000,success
T000157,U00376,2025-04-10,1000,success
T000158,U00377,2025-04-24,1000,success
T000159,U00380,2025-01-25,1000,success
T000160,U00383,2025-04-20,2000,success
T000161,U00386,2025-02-25,2000,success
T000162,U00389,2025-03-04,10000,success
T000163,U00393,2025-03-10,5000,success
T000164,U00394,2025-02-05,20000,success
T000165,U00398,2025-01-25,1000,success
T000166,U00400,2025-01-10,1000,success
T000167,U00401,2025-01-08,1000,success
T000168,U00402,2025-03-13,2000,success
T000169,U00404,2025-02-04,1000,success
T000170,U00405,2025-02-23,5000,success
T000171,U00406,2025-03-21,1000,success
T000172,U00407,2025-03-02,1000,success
T000173,U00408,2025-04-29,2000,success
T000174,U00409,2025-03-29,2000,success
T000175,U00410,2025-04-30,10000,success
T000176,U00415,2025-04-14,10000,success
T000177,U00416,2025-04-23,1000,success
T000178,U00417,2025-02-25,10000,success
T000179,U00418,2025-02-26,5000,success
T000180,U00419,2025-01-10,2000,success
T000181,U00420,2025-01-30,1000,success
T000182,U00422,2025-04-13,5000,success
T000183,U00425,2025-04-11,1000,success
T000184,U00427,2025-04-23,1000,success
T000185,U00430,2025-03-16,1000,success
T000186,U00432,2025-02-22,2000,success
T000187,U00433,2025-01-22,5000,success
T000188,U00436,2025-03-09,10000,success
T000189,U00440,2025-04-03,5000,success
T000190,U00444,2025-04-28,20000,success
T000191,U00446,2025-04-10,10000,success
T000192,U00452,2025-02-16,1000,success
T000193,U00455,2025-04-13,2000,success
T000194,U00456,2025-03-02,2000,success
T000195,U00458,2025-04-27,5000,success
T000196,U00461,2025-02-02,5000,success
T000197,U00464,2025-03-10,5000,success
T000198,U00465,2025-01-20,1000,success
T000199,U00469,2025-02-24,5000,success
T000200,U00471,2025-03-13,1000,success
T000201,U00473,2025-02-17,1000,success
T000202,U00474,2025-01-26,2000,success
T000203,U00477,2025-02-18,5000,success
T000204,U00478,2025-03-30,1000,success
T000205,U00480,2025-03-11,2000,success
T000206,U00482,2025-04-17,2000,success
T000207,U00484,2025-04-02,1000,success
T000208,U00486,2025-04-16,5000,success
T000209,U00487,2025-02-04,1000,success
T000210,U00488,2025-01-11,10000,success
T000211,U00493,2025-04-07,2000,success
T000212,U00495,2025-05-04,2000,success
T000213,U00496,2025-01-28,10000,success
T000214,U00499,2025-01-26,10000,success
T000215,U00500,2025-01-26,10000,success
T000216,U00502,2025-03-07,1000,success
T000217,U00503,2025-01-10,1000,success
T000218,U00504,2025-03-01,5000,success
T000219,U00506,2025-02-20,2000,success
T000220,U00511,2025-01-21,20000,success
T000221,U00514,2025-04-29,2000,success
T000222,U00516,2025-01-15,2000,success
T000223,U00520,2025-02-06,2000,success
T000224,U00521,2025-03-30,10000,success
T000225,U00522,2025-03-06,1000,success
T000226,U00523,2025-03-31,20000,success
T000227,U00526,2025-03-03,2000,success
T000228,U00529,2025-01-26,10000,success
T000229,U00530,2025-02-28,2000,success
T000230,U00532,2025-03-29,10000,success
T000231,U00534,2025-02-23,1000,success
T000232,U00536,2025-03-12,10000,success
T000233,U00537,2025-01-16,2000,success
T000234,U00538,2025-02-24,2000,success
T000235,U00539,2025-04-22,1000,success
T000236,U00540,2025-03-02,5000,success
T000237,U00543,2025-01-14,1000,success
T000238,U00545,2025-03-01,1000,success
T000239,U00546,2025-04-20,1000,success
T000240,U00550,2025-03-12,1000,success
T000241,U00553,2025-04-10,5000,success
T000242,U00554,2025-05-02,1000,success
T000243,U00555,2025-04-06,1000,success
T000244,U00557,2025-04-12,2000,success
T000245,U00562,2025-01-19,2000,success
T000246,U00564,2025-04-19,2000,success
T000247,U00567,2025-01-22,2000,success
T000248,U00574,2025-04-04,2000,success
T000249,U00577,2025-05-02,2000,success
T000250,U00583,2025-01-05,10000,success
T000251,U00585,2025-01-05,1000,success
T000252,U00586,2025-04-23,10000,success
T000253,U00589,2025-04-30,1000,success
T000254,U00590,2025-02-21,5000,success
T000255,U00591,2025-03-31,2000,success
T000256,U00596,2025-01-20,1000,success
T000257,U00598,2025-04-17,5000,success
T000258,U00603,2025-04-03,10000,success
T000259,U00604,2025-04-30,2000,success
T000260,U00606,2025-03-17,2000,success
T000261,U00611,2025-03-29,1000,success
T000262,U00613,2025-01-29,20000,success
T000263,U00615,2025-04-03,10000,success
T000264,U00616,2025-03-13,2000,success
T000265,U00617,2025-02-18,10000,success
T000266,U00618,2025-04-23,2000,success
T000267,U00619,2025-04-06,5000,success
T000268,U00626,2025-04-04,2000,success
T000269,U00628,2025-02-20,2000,success
T000270,U00632,2025-02-04,1000,success
T000271,U00633,2025-04-08,20000,success
T000272,U00634,2025-04-14,10000,success
T000273,U00635,2025-01-26,10000,success
T000274,U00637,2025-05-02,2000,success
T000275,U00638,2025-03-15,1000,success
T000276,U00639,2025-04-12,5000,success
T000277,U00640,2025-02-05,10000,success
T000278,U00641,2025-02-24,20000,success
T000279,U00643,2025-01-10,1000,success
T000280,U00644,2025-01-21,5000,success
T000281,U00646,2025-04-07,5000,success
T000282,U00651,2025-01-07,1000,success
T000283,U00653,2025-01-29,2000,success
T000284,U00655,2025-04-30,1000,success
T000285,U00658,2025-04-02,5000,success
T000286,U00660,2025-04-03,10000,success
T000287,U00661,2025-03-28,10000,success
T000288,U00665,2025-02-06,5000,success
T000289,U00669,2025-02-25,2000,success
T000290,U00670,2025-02-17,5000,success
T000291,U00672,2025-01-16,10000,success
T000292,U00678,2025-02-13,5000,success
T000293,U00679,2025-02-18,2000,success
T000294,U00681,2025-01-13,20000,success
T000295,U00683,2025-04-08,10000,success
T000296,U00684,2025-02-20,10000,success
T000297,U00685,2025-01-07,20000,success
T000298,U00686,2025-04-30,2000,success
T000299,U00692,2025-01-12,10000,success
T000300,U00699,2025-04-15,5000,success
T000301,U00701,2025-03-12,1000,success
T000302,U00703,2025-05-03,5000,success
T000303,U00706,2025-03-20,2000,success
T000304,U00707,2025-01-30,1000,success
T000305,U00709,2025-02-05,20000,success
T000306,U00710,2025-04-02,1000,success
T000307,U00715,2025-03-19,20000,success
T000308,U00718,2025-04-12,1000,success
T000309,U00720,2025-04-12,2000,success
T000310,U00724,2025-04-27,2000,success
T000311,U00725,2025-04-13,5000,success
T000312,U00726,2025-04-06,1000,success
T000313,U00730,2025-04-11,20000,success
T000314,U00734,2025-02-28,5000,success
T000315,U00737,2025-04-05,10000,success
T000316,U00739,2025-04-21,1000,success
T000317,U00740,2025-02-03,2000,success
T000318,U00742,2025-04-27,20000,success
T000319,U00748,2025-01-19,1000,success
T000320,U00749,2025-03-04,1000,success
T000321,U00752,2025-04-15,2000,success
T000322,U00754,2025-03-05,20000,success
T000323,U00756,2025-01-22,2000,success
T000324,U00757,2025-03-18,2000,success
T000325,U00761,2025-03-24,5000,success
T000326,U00762,2025-04-09,20000,success
T000327,U00763,2025-02-25,1000,success
T000328,U00765,2025-04-23,1000,success
T000329,U00767,2025-05-01,1000,success
T000330,U00768,2025-03-13,1000,success
T000331,U00771,2025-01-28,2000,success
T000332,U00772,2025-02-26,1000,success
T000333,U00774,2025-04-11,2000,success
T000334,U00775,2025-02-25,2000,success
T000335,U00776,2025-01-27,2000,success
T000336,U00778,2025-02-28,20000,success
T000337,U00782,2025-02-11,1000,success
T000338,U00784,2025-02-10,2000,success
T000339,U00785,2025-01-16,1000,success
T000340,U00786,2025-04-09,2000,success
T000341,U00789,2025-03-30,5000,success
T000342,U00792,2025-03-18,10000,success
T000343,U00795,2025-03-22,2000,success
T000344,U00798,2025-03-02,10000,success
T000345,U00800,2025-01-23,10000,success
T000346,U00802,2025-01-12,1000,success
T000347,U00803,2025-02-17,1000,success
T000348,U00804,2025-01-16,5000,success
T000349,U00807,2025-01-11,20000,success
T000350,U00818,2025-04-23,2000,success
T000351,U00819,2025-03-07,1000,success
T000352,U00823,2025-03-13,10000,success
T000353,U00829,2025-01-31,1000,success
T000354,U00831,2025-03-07,5000,success
T000355,U00837,2025-04-03,1000,success
T000356,U00839,2025-02-08,1000,success
T000357,U00840,2025-03-13,2000,success
T000358,U00843,2025-04-28,5000,success
T000359,U00846,2025-01-25,1000,success
T000360,U00847,2025-04-04,10000,success
T000361,U00848,2025-03-16,1000,success
T000362,U00853,2025-01-05,2000,success
T000363,U00854,2025-03-20,2000,success
T000364,U00855,2025-04-02,10000,success
T000365,U00856,2025-03-05,10000,success
T000366,U00859,2025-01-27,1000,success
T000367,U00860,2025-02-25,1000,success
T000368,U00863,2025-04-29,10000,success
T000369,U00865,2025-02-27,2000,success
T000370,U00866,2025-02-16,2000,success
T000371,U00867,2025-02-16,1000,success
T000372,U00869,2025-02-18,20000,success
T000373,U00871,2025-02-18,20000,success
T000374,U00877,2025-04-14,1000,success
T000375,U00879,2025-04-13,5000,success
T000376,U00880,2025-01-20,10000,success
T000377,U00881,2025-01-22,2000,success
T000378,U00882,2025-02-28,2000,success
T000379,U00883,2025-01-20,2000,success
T000380,U00885,2025-04-19,1000,success
T000381,U00886,2025-02-20,10000,success
T000382,U00887,2025-01-17,2000,success
T000383,U00888,2025-01-15,2000,success
T000384,U00889,2025-02-02,1000,success
T000385,U00891,2025-04-29,10000,success
T000386,U00894,2025-01-07,10000,success
T000387,U00897,2025-03-03,5000,success
T000388,U00899,2025-01-15,20000,success
T000389,U00901,2025-04-10,1000,success
T000390,U00904,2025-04-13,10000,success
T000391,U00905,2025-03-20,5000,success
T000392,U00907,2025-02-01,1000,success
T000393,U00909,2025-01-13,1000,success
T000394,U00917,2025-01-31,2000,success
T000395,U00918,2025-04-08,10000,success
T000396,U00922,2025-03-11,10000,success
T000397,U00923,2025-01-31,5000,success
T000398,U00924,2025-04-30,1000,success
T000399,U00925,2025-03-07,20000,success
T000400,U00926,2025-01-19,2000,success
T000401,U00927,2025-03-18,5000,success
T000402,U00931,2025-03-21,10000,success
T000403,U00932,2025-04-06,1000,success
T000404,U00936,2025-02-16,5000,success
T000405,U00939,2025-03-25,1000,success
T000406,U00943,2025-01-29,1000,success
T000407,U00945,2025-01-12,5000,success
T000408,U00946,2025-02-28,1000,success
T000409,U00947,2025-02-01,2000,success
T000410,U00951,2025-05-03,1000,success
T000411,U00955,2025-03-07,2000,success
T000412,U00957,2025-04-07,1000,success
T000413,U00959,2025-02-21,10000,success
T000414,U00960,2025-01-15,1000,success
T000415,U00964,2025-03-31,10000,success
T000416,U00966,2025-03-03,5000,success
T000417,U00968,2025-02-24,2000,success
T000418,U00969,2025-03-22,10000,success
T000419,U00971,2025-04-08,1000,success
T000420,U00976,2025-04-22,1000,success
T000421,U00981,2025-03-14,1000,success
T000422,U00982,2025-04-09,2000,success
T000423,U00985,2025-01-03,20000,success
T000424,U00998,2025-04-23,1000,success
T000425,U01000,2025-02-22,10000,success
T000426,U01001,2025-02-19,5000,success
T000427,U01002,2025-03-20,1000,success
T000428,U01004,2025-03-06,20000,success
T000429,U01006,2025-04-23,20000,success
T000430,U01007,2025-04-19,20000,success
T000431,U01008,2025-02-07,2000,success
T000432,U01010,2025-04-04,1000,success
T000433,U01014,2025-01-30,2000,success
T000434,U01018,2025-01-05,5000,success
T000435,U01020,2025-01-18,2000,success
T000436,U01021,2025-03-06,5000,success
T000437,U01023,2025-04-22,10000,success
T000438,U01026,2025-04-08,1000,success
T000439,U01027,2025-02-27,2000,success
T000440,U01029,2025-04-23,20000,success
T000441,U01030,2025-02-18,1000,success
T000442,U01032,2025-03-22,2000,success
T000443,U01033,2025-04-15,1000,success
T000444,U01034,2025-03-28,2000,success
T000445,U01041,2025-03-05,2000,success
T000446,U01042,2025-04-10,1000,success
T000447,U01043,2025-02-08,1000,success
T000448,U01045,2025-04-13,5000,success
T000449,U01049,2025-04-04,2000,success
T000450,U01051,2025-03-05,1000,success
T000451,U01053,2025-02-23,10000,success
T000452,U01055,2025-04-08,5000,success
T000453,U01056,2025-04-01,1000,success
T000454,U01058,2025-02-03,10000,success
T000455,U01061,2025-02-26,1000,success
T000456,U01062,2025-03-25,1000,success
T000457,U01067,2025-02-28,10000,success
T000458,U01068,2025-01-18,1000,success
T000459,U01069,2025-03-19,10000,success
T000460,U01076,2025-02-23,10000,success
T000461,U01078,2025-03-20,2000,success
T000462,U01079,2025-04-21,1000,success
T000463,U01083,2025-05-01,1000,success
T000464,U01086,2025-02-24,1000,success
T000465,U01089,2025-03-21,10000,success
T000466,U01090,2025-04-29,2000,success
T000467,U01092,2025-01-09,1000,success
T000468,U01095,2025-01-07,5000,success
T000469,U01098,2025-03-09,1000,success
T000470,U01099,2025-04-10,1000,success
T000471,U01100,2025-03-08,1000,success
T000472,U01102,2025-04-07,10000,success
T000473,U01105,2025-03-05,1000,success
T000474,U01112,2025-02-14,2000,success
T000475,U01118,2025-01-08,1000,success
T000476,U01120,2025-01-15,5000,success
T000477,U01121,2025-04-01,2000,success
T000478,U01122,2025-02-18,1000,success
T000479,U01125,2025-03-25,2000,success
T000480,U01136,2025-04-22,5000,success
T000481,U01137,2025-03-06,1000,success
T000482,U01138,2025-02-22,10000,success
T000483,U01139,2025-03-06,2000,success
T000484,U01140,2025-03-25,5000,success
T000485,U01143,2025-01-02,5000,success
T000486,U01146,2025-04-10,10000,success
T000487,U01149,2025-02-22,2000,success
T000488,U01150,2025-03-01,1000,success
T000489,U01151,2025-03-27,10000,success
T000490,U01152,2025-01-16,10000,success
T000491,U01154,2025-01-31,20000,success
T000492,U01155,2025-04-02,1000,success
T000493,U01157,2025-04-01,5000,success
T000494,U01160,2025-01-27,2000,success
T000495,U01162,2025-03-01,5000,success
T000496,U01166,2025-01-09,20000,success
T000497,U01167,2025-04-25,2000,success
T000498,U01169,2025-04-22,5000,success
T000499,U01170,2025-04-17,2000,success
T000500,U01171,2025-04-25,1000,success
T000501,U01176,2025-04-28,2000,success
T000502,U01181,2025-04-15,1000,success
T000503,U01182,2025-02-01,1000,success
T000504,U01185,2025-03-03,1000,success
T000505,U01188,2025-03-30,2000,success
T000506,U01190,2025-02-15,2000,success
T000507,U01197,2025-01-12,10000,success
T000508,U01198,2025-03-10,2000,success
T000509,U01199,2025-04-16,2000,success
T000510,U01202,2025-04-23,1000,success
T000511,U01203,2025-04-13,10000,success
T000512,U01204,2025-04-24,1000,success
T000513,U01206,2025-02-04,20000,success
T000514,U01210,2025-04-29,2000,success
T000515,U01213,2025-02-12,1000,success
T000516,U01216,2025-01-09,2000,success
T000517,U01221,2025-03-01,1000,success
T000518,U01222,2025-03-01,1000,success
T000519,U01223,2025-03-04,2000,success
T000520,U01226,2025-04-14,5000,success
T000521,U01227,2025-02-05,1000,success
T000522,U01230,2025-01-26,5000,success
T000523,U01231,2025-03-13,10000,success
T000524,U01237,2025-03-20,5000,success
T000525,U01239,2025-03-06,1000,success
T000526,U01240,2025-04-08,1000,success
T000527,U01241,2025-04-10,1000,success
T000528,U01243,2025-02-24,5000,success
T000529,U01248,2025-02-03,5000,success
T000530,U01251,2025-02-10,2000,success
T000531,U01258,2025-03-22,1000,success
T000532,U01259,2025-01-10,1000,success
T000533,U01261,2025-01-11,10000,success
T000534,U01263,2025-04-25,2000,success
T000535,U01264,2025-04-05,20000,success
T000536,U01270,2025-03-09,20000,success
T000537,U01273,2025-01-10,10000,success
T000538,U01274,2025-01-31,1000,success
T000539,U01275,2025-02-25,1000,success
T000540,U01278,2025-01-10,1000,success
T000541,U01279,2025-03-16,20000,success
T000542,U01282,2025-03-13,2000,success
T000543,U01283,2025-01-22,5000,success
T000544,U01284,2025-03-28,20000,success
T000545,U01287,2025-04-28,10000,success
T000546,U01288,2025-01-13,5000,success
T000547,U01293,2025-03-06,1000,success
T000548,U01294,2025-02-12,1000,success
T000549,U01295,2025-02-09,2000,success
T000550,U01298,2025-03-21,20000,success
T000551,U01299,2025-04-20,20000,success
T000552,U01301,2025-02-07,1000,success
T000553,U01302,2025-01-10,1000,success
T000554,U01303,2025-02-24,5000,success
T000555,U01304,2025-05-05,2000,success
T000556,U01305,2025-01-12,1000,success
T000557,U01311,2025-01-13,2000,success
T000558,U01314,2025-03-25,20000,success
T000559,U01315,2025-03-07,20000,success
T000560,U01320,2025-01-11,5000,success
T000561,U01321,2025-03-16,5000,success
T000562,U01326,2025-02-06,1000,success
T000563,U01330,2025-03-11,5000,success
T000564,U01334,2025-02-22,1000,success
T000565,U01336,2025-04-30,1000,success
T000566,U01337,2025-05-05,1000,success
T000567,U01338,2025-03-18,2000,success
T000568,U01344,2025-01-05,10000,success
T000569,U01345,2025-02-12,20000,success
T000570,U01346,2025-03-08,5000,success
T000571,U01354,2025-04-14,5000,success
T000572,U01357,2025-02-01,1000,success
T000573,U01358,2025-02-08,2000,success
T000574,U01360,2025-02-10,5000,success
T000575,U01362,2025-03-28,2000,success
T000576,U01363,2025-03-24,1000,success
T000577,U01366,2025-01-09,5000,success
T000578,U01368,2025-04-22,1000,success
T000579,U01371,2025-01-18,1000,success
T000580,U01373,2025-03-16,2000,success
T000581,U01374,2025-02-13,1000,success
T000582,U01376,2025-01-16,5000,success
T000583,U01378,2025-02-23,5000,success
T000584,U01383,2025-01-18,1000,success
T000585,U01385,2025-01-27,20000,success
T000586,U01388,2025-04-23,10000,success
T000587,U01389,2025-05-01,1000,success
T000588,U01391,2025-03-20,5000,success
T000589,U01392,2025-02-24,2000,success
T000590,U01393,2025-04-18,10000,success
T000591,U01394,2025-04-16,10000,success
T000592,U01396,2025-02-12,1000,success
T000593,U01397,2025-02-24,5000,success
T000594,U01399,2025-01-11,10000,success
T000595,U01400,2025-03-10,2000,success
T000596,U01401,2025-01-08,1000,success
T000597,U01402,2025-02-22,1000,success
T000598,U01403,2025-03-17,1000,success
T000599,U01408,2025-04-25,1000,success
T000600,U01409,2025-01-30,2000,success
T000601,U01412,2025-04-05,1000,success
T000602,U01414,2025-02-01,1000,success
T000603,U01417,2025-02-08,5000,success
T000604,U01418,2025-03-02,20000,success
T000605,U01420,2025-04-14,20000,success
T000606,U01421,2025-01-30,1000,success
T000607,U01423,2025-02-06,10000,success
T000608,U01428,2025-01-11,20000,success
T000609,U01430,2025-04-11,20000,success
T000610,U01434,2025-02-05,10000,success
T000611,U01435,2025-02-18,10000,success
T000612,U01438,2025-04-02,1000,success
T000613,U01439,2025-02-23,1000,success
T000614,U01444,2025-01-09,2000,success
T000615,U01445,2025-02-02,1000,success
T000616,U01446,2025-02-20,20000,success
T000617,U01448,2025-03-22,2000,success
T000618,U01449,2025-02-17,20000,success
T000619,U01453,2025-04-25,10000,success
T000620,U01459,2025-01-31,2000,success
T000621,U01461,2025-01-20,1000,success
T000622,U01462,2025-01-14,1000,success
T000623,U01464,2025-04-17,5000,success
T000624,U01467,2025-03-17,10000,success
T000625,U01468,2025-01-28,20000,success
T000626,U01469,2025-02-18,1000,success
T000627,U01470,2025-04-03,1000,success
T000628,U01471,2025-02-20,1000,success
T000629,U01472,2025-04-22,1000,success
T000630,U01476,2025-04-20,10000,success
T000631,U01478,2025-03-26,1000,success
T000632,U01480,2025-04-09,2000,success
T000633,U01482,2025-04-19,2000,success
T000634,U01484,2025-02-13,2000,success
T000635,U01487,2025-04-14,5000,success
T000636,U01489,2025-03-09,2000,success
T000637,U01490,2025-01-07,2000,success
T000638,U01493,2025-03-17,5000,success
T000639,U01497,2025-02-05,1000,success
T000640,U01500,2025-02-21,5000,success
T000641,U01503,2025-02-12,20000,success
T000642,U01505,2025-03-31,5000,success
T000643,U01506,2025-01-14,2000,success
T000644,U01507,2025-01-25,5000,success
T000645,U01511,2025-01-24,10000,success
T000646,U01512,2025-04-06,2000,success
T000647,U01519,2025-03-07,5000,success
T000648,U01523,2025-02-10,2000,success
T000649,U01525,2025-01-26,10000,success
T000650,U01532,2025-03-02,1000,success
T000651,U01535,2025-02-10,20000,success
T000652,U01543,2025-01-04,5000,success
T000653,U01545,2025-03-28,2000,success
T000654,U01546,2025-04-03,2000,success
T000655,U01547,2025-02-05,2000,success
T000656,U01548,2025-04-04,1000,success
T000657,U01550,2025-02-15,1000,success
T000658,U01552,2025-04-20,2000,success
T000659,U01555,2025-01-27,2000,success
T000660,U01558,2025-02-27,2000,success
T000661,U01560,2025-04-30,1000,success
T000662,U01566,2025-04-19,5000,success
T000663,U01567,2025-01-25,1000,success
T000664,U01572,2025-02-21,1000,success
T000665,U01574,2025-03-23,1000,success
T000666,U01578,2025-01-21,2000,success
T000667,U01583,2025-03-04,1000,success
T000668,U01584,2025-04-20,1000,success
T000669,U01589,2025-01-17,2000,success
T000670,U01590,2025-04-05,1000,success
T000671,U01591,2025-03-30,2000,success
T000672,U01593,2025-02-27,2000,success
T000673,U01596,2025-02-04,10000,success
T000674,U01597,2025-02-05,10000,success
T000675,U01599,2025-02-20,20000,success
T000676,U01601,2025-04-07,2000,success
T000677,U01603,2025-01-18,5000,success
T000678,U01605,2025-01-21,20000,success
T000679,U01607,2025-01-04,2000,success
T000680,U01609,2025-04-27,5000,success
T000681,U01610,2025-02-20,2000,success
T000682,U01611,2025-04-24,2000,success
T000683,U01613,2025-04-30,1000,success
T000684,U01614,2025-04-03,10000,success
T000685,U01618,2025-02-10,20000,success
T000686,U01627,2025-01-06,1000,success
T000687,U01630,2025-03-16,10000,success
T000688,U01632,2025-04-21,1000,success
T000689,U01640,2025-01-11,1000,success
T000690,U01642,2025-01-14,5000,success
T000691,U01646,2025-03-10,1000,success
T000692,U01650,2025-03-18,2000,success
T000693,U01655,2025-02-24,1000,success
T000694,U01656,2025-04-10,5000,success
T000695,U01658,2025-04-24,2000,success
T000696,U01665,2025-02-05,20000,success
T000697,U01667,2025-02-19,5000,success
T000698,U01668,2025-04-19,1000,success
T000699,U01669,2025-01-20,2000,success
T000700,U01670,2025-03-11,20000,success
T000701,U01673,2025-03-01,5000,success
T000702,U01677,2025-02-26,5000,success
T000703,U01679,2025-03-27,5000,success
T000704,U01681,2025-03-20,2000,success
T000705,U01685,2025-03-26,5000,success
T000706,U01687,2025-04-24,10000,success
T000707,U01689,2025-02-07,1000,success
T000708,U01690,2025-01-31,20000,success
T000709,U01695,2025-02-18,1000,success
T000710,U01698,2025-01-16,2000,success
T000711,U01699,2025-04-17,1000,success
T000712,U01700,2025-01-08,5000,success
T000713,U01702,2025-04-02,2000,success
T000714,U01708,2025-02-13,1000,success
T000715,U01709,2025-04-05,20000,success
T000716,U01713,2025-02-15,2000,success
T000717,U01714,2025-04-11,2000,success
T000718,U01718,2025-01-26,2000,success
T000719,U01720,2025-03-17,1000,success
T000720,U01721,2025-02-03,2000,success
T000721,U01723,2025-03-02,2000,success
T000722,U01724,2025-04-23,2000,success
T000723,U01726,2025-04-09,10000,success
T000724,U01727,2025-03-27,1000,success
T000725,U01728,2025-04-28,5000,success
T000726,U01730,2025-03-27,1000,success
T000727,U01734,2025-03-13,2000,success
T000728,U01741,2025-04-18,2000,success
T000729,U01745,2025-02-28,1000,success
T000730,U01746,2025-02-01,2000,success
T000731,U01747,2025-04-20,2000,success
T000732,U01751,2025-03-19,20000,success
T000733,U01754,2025-03-31,5000,success
T000734,U01756,2025-04-11,1000,success
T000735,U01757,2025-02-14,1000,success
T000736,U01758,2025-02-10,1000,success
T000737,U01760,2025-01-21,1000,success
T000738,U01766,2025-04-30,5000,success
T000739,U01767,2025-04-21,10000,success
T000740,U01769,2025-03-31,1000,success
T000741,U01770,2025-01-29,2000,success
T000742,U01771,2025-02-28,2000,success
T000743,U01777,2025-01-15,5000,success
T000744,U01779,2025-02-25,1000,success
T000745,U01782,2025-02-16,20000,success
T000746,U01785,2025-03-31,5000,success
T000747,U01786,2025-04-04,20000,success
T000748,U01803,2025-01-15,1000,success
T000749,U01805,2025-04-27,5000,success
T000750,U01807,2025-02-12,5000,success
T000751,U01810,2025-02-24,5000,success
T000752,U01812,2025-02-25,1000,success
T000753,U01813,2025-04-26,20000,success
T000754,U01815,2025-05-04,20000,success
T000755,U01821,2025-04-22,1000,success
T000756,U01823,2025-03-24,2000,success
T000757,U01827,2025-03-25,2000,success
T000758,U01832,2025-03-18,10000,success
T000759,U01834,2025-03-11,5000,success
T000760,U01835,2025-05-02,1000,success
T000761,U01837,2025-03-16,1000,success
T000762,U01839,2025-01-19,1000,success
T000763,U01841,2025-04-05,1000,success
T000764,U01842,2025-03-08,1000,success
T000765,U01844,2025-04-20,5000,success
T000766,U01845,2025-02-14,5000,success
T000767,U01846,2025-01-26,2000,success
T000768,U01847,2025-02-12,5000,success
T000769,U01852,2025-04-23,1000,success
T000770,U01853,2025-02-15,2000,success
T000771,U01854,2025-02-24,5000,success
T000772,U01856,2025-04-17,2000,success
T000773,U01857,2025-04-12,2000,success
T000774,U01861,2025-02-17,1000,success
T000775,U01863,2025-02-20,5000,success
T000776,U01864,2025-03-08,10000,success
T000777,U01866,2025-03-16,2000,success
T000778,U01867,2025-03-04,1000,success
T000779,U01870,2025-02-21,10000,success
T000780,U01871,2025-01-14,1000,success
T000781,U01874,2025-04-02,2000,success
T000782,U01875,2025-03-27,1000,success
T000783,U01877,2025-04-06,20000,success
T000784,U01878,2025-01-26,5000,success
T000785,U01881,2025-04-13,5000,success
T000786,U01883,2025-03-24,5000,success
T000787,U01886,2025-01-25,2000,success
T000788,U01890,2025-01-16,1000,success
T000789,U01891,2025-02-28,5000,success
T000790,U01892,2025-01-30,2000,success
T000791,U01895,2025-01-31,5000,success
T000792,U01896,2025-02-19,1000,success
T000793,U01903,2025-01-30,1000,success
T000794,U01906,2025-01-10,5000,success
T000795,U01907,2025-01-14,2000,success
T000796,U01908,2025-03-21,1000,success
T000797,U01909,2025-04-30,1000,success
T000798,U01913,2025-02-20,5000,success
T000799,U01915,2025-04-25,1000,success
T000800,U01918,2025-04-07,2000,success
T000801,U01919,2025-03-25,2000,success
T000802,U01921,2025-04-08,2000,success
T000803,U01924,2025-04-10,10000,success
T000804,U01925,2025-01-18,1000,success
T000805,U01927,2025-04-18,10000,success
T000806,U01930,2025-01-17,5000,success
T000807,U01936,2025-02-19,2000,success
T000808,U01937,2025-04-10,20000,success
T000809,U01940,2025-02-15,5000,success
T000810,U01942,2025-03-31,20000,success
T000811,U01943,2025-02-26,2000,success
T000812,U01945,2025-04-22,2000,success
T000813,U01946,2025-02-10,2000,success
T000814,U01954,2025-01-16,1000,success
T000815,U01956,2025-02-06,20000,success
T000816,U01966,2025-02-03,5000,success
T000817,U01967,2025-05-04,5000,success
T000818,U01968,2025-01-17,20000,success
T000819,U01971,2025-02-05,20000,success
T000820,U01977,2025-01-29,1000,success
T000821,U01979,2025-04-27,5000,success
T000822,U01981,2025-03-08,5000,success
T000823,U01985,2025-01-20,2000,success
T000824,U01989,2025-01-15,20000,success
T000825,U01993,2025-03-27,10000,success
T000826,U01994,2025-01-09,5000,success
T000827,U01997,2025-02-20,2000,success
T000828,U01998,2025-01-07,5000,success
T000829,U01999,2025-02-16,2000,success
T000830,U02001,2025-05-01,1000,success
T000831,U02005,2025-01-20,2000,success
T000832,U02008,2025-01-26,1000,success
T000833,U02010,2025-03-07,2000,success
T000834,U02013,2025-03-23,5000,success
T000835,U02014,2025-03-17,1000,success
T000836,U02016,2025-02-23,10000,success
T000837,U02017,2025-03-31,1000,success
T000838,U02020,2025-03-01,2000,success
T000839,U02022,2025-03-07,5000,success
T000840,U02024,2025-02-13,10000,success
T000841,U02025,2025-03-13,10000,success
T000842,U02027,2025-03-03,2000,success
T000843,U02028,2025-03-07,1000,success
T000844,U02029,2025-02-18,5000,success
T000845,U02030,2025-04-01,2000,success
T000846,U02031,2025-01-11,2000,success
T000847,U02033,2025-03-22,1000,success
T000848,U02036,2025-03-13,1000,success
T000849,U02037,2025-02-25,1000,success
T000850,U02039,2025-03-03,2000,success
T000851,U02044,2025-03-01,2000,success
T000852,U02045,2025-04-29,5000,success
T000853,U02047,2025-04-21,2000,success
T000854,U02049,2025-03-21,20000,success
T000855,U02050,2025-04-17,2000,success
T000856,U02053,2025-04-03,2000,success
T000857,U02055,2025-04-24,1000,success
T000858,U02058,2025-01-08,5000,success
T000859,U02059,2025-01-07,5000,success
T000860,U02062,2025-02-19,5000,success
T000861,U02063,2025-04-02,10000,success
T000862,U02065,2025-01-12,10000,success
T000863,U02066,2025-04-11,10000,success
T000864,U02067,2025-01-25,1000,success
T000865,U02072,2025-02-20,2000,success
T000866,U02075,2025-01-19,2000,success
T000867,U02076,2025-04-02,5000,success
T000868,U02083,2025-04-27,2000,success
T000869,U02084,2025-04-04,10000,success
T000870,U02085,2025-03-19,2000,success
T000871,U02088,2025-04-15,1000,success
T000872,U02089,2025-04-14,1000,success
T000873,U02094,2025-04-06,1000,success
T000874,U02096,2025-01-11,1000,success
T000875,U02098,2025-01-29,1000,success
T000876,U02099,2025-04-09,1000,success
T000877,U02100,2025-03-21,5000,success
T000878,U02101,2025-02-12,2000,success
T000879,U02102,2025-01-14,1000,success
T000880,U02105,2025-01-28,2000,success
T000881,U02108,2025-03-04,20000,success
T000882,U02109,2025-04-11,2000,success
T000883,U02111,2025-03-22,20000,success
T000884,U02112,2025-02-10,2000,success
T000885,U02113,2025-03-15,20000,success
T000886,U02114,2025-01-08,1000,success
T000887,U02115,2025-02-22,1000,success
T000888,U02118,2025-03-13,5000,success
T000889,U02121,2025-02-19,20000,success
T000890,U02125,2025-03-20,10000,success
T000891,U02126,2025-03-24,5000,success
T000892,U02127,2025-04-26,1000,success
T000893,U02130,2025-04-10,2000,success
T000894,U02131,2025-03-08,1000,success
T000895,U02132,2025-04-03,2000,success
T000896,U02134,2025-03-04,1000,success
T000897,U02136,2025-02-28,2000,success
T000898,U02137,2025-02-13,10000,success
T000899,U02138,2025-04-14,1000,success
T000900,U02140,2025-04-02,2000,success
T000901,U02143,2025-02-02,1000,success
T000902,U02147,2025-03-21,1000,success
T000903,U02148,2025-02-13,2000,success
T000904,U02149,2025-04-07,1000,success
T000905,U02151,2025-03-06,20000,success
T000906,U02152,2025-03-02,2000,success
T000907,U02153,2025-02-19,1000,success
T000908,U02155,2025-01-18,2000,success
T000909,U02157,2025-02-20,1000,success
T000910,U02158,2025-04-05,1000,success
T000911,U02159,2025-02-28,1000,success
T000912,U02164,2025-02-08,1000,success
T000913,U02166,2025-01-11,5000,success
T000914,U02178,2025-02-25,10000,success
T000915,U02180,2025-02-12,2000,success
T000916,U02186,2025-03-22,5000,success
T000917,U02189,2025-02-12,2000,success
T000918,U02191,2025-04-12,1000,success
T000919,U02192,2025-01-16,2000,success
T000920,U02196,2025-04-18,5000,success
T000921,U02197,2025-01-21,1000,success
T000922,U02199,2025-04-07,5000,success
T000923,U02202,2025-03-06,5000,success
T000924,U02203,2025-03-30,10000,success
T000925,U02204,2025-04-21,1000,success
T000926,U02206,2025-04-27,1000,success
T000927,U02208,2025-03-30,1000,success
T000928,U02210,2025-03-16,20000,success
T000929,U02211,2025-03-18,10000,success
T000930,U02213,2025-04-11,10000,success
T000931,U02217,2025-03-03,2000,success
T000932,U02219,2025-04-05,2000,success
T000933,U02220,2025-02-07,1000,success
T000934,U02221,2025-04-08,10000,success
T000935,U02223,2025-03-12,10000,success
T000936,U02224,2025-01-25,2000,success
T000937,U02227,2025-04-25,2000,success
T000938,U02228,2025-03-11,5000,success
T000939,U02230,2025-03-05,1000,success
T000940,U02235,2025-01-14,10000,success
T000941,U02237,2025-03-08,2000,success
T000942,U02239,2025-04-04,2000,success
T000943,U02241,2025-03-28,5000,success
T000944,U02244,2025-03-07,5000,success
T000945,U02245,2025-02-18,1000,success
T000946,U02246,2025-02-03,20000,success
T000947,U02252,2025-01-09,20000,success
T000948,U02254,2025-01-15,2000,success
T000949,U02257,2025-04-25,5000,success
T000950,U02258,2025-03-24,5000,success
T000951,U02261,2025-03-20,2000,success
T000952,U02264,2025-01-28,20000,success
T000953,U02265,2025-04-12,1000,success
T000954,U02269,2025-01-08,1000,success
T000955,U02270,2025-03-22,20000,success
T000956,U02271,2025-04-10,1000,success
T000957,U02273,2025-04-15,5000,success
T000958,U02276,2025-04-30,1000,success
T000959,U02278,2025-02-01,20000,success
T000960,U02279,2025-03-17,10000,success
T000961,U02280,2025-04-29,20000,success
T000962,U02281,2025-02-05,20000,success
T000963,U02288,2025-02-02,1000,success
T000964,U02289,2025-03-11,2000,success
T000965,U02292,2025-03-02,5000,success
T000966,U02293,2025-04-04,10000,success
T000967,U02298,2025-04-16,1000,success
T000968,U02301,2025-01-07,20000,success
T000969,U02304,2025-03-14,1000,success
T000970,U02305,2025-01-05,10000,success
T000971,U02306,2025-01-05,2000,success
T000972,U02307,2025-03-02,2000,success
T000973,U02311,2025-03-05,2000,success
T000974,U02315,2025-01-29,1000,success
T000975,U02318,2025-01-22,2000,success
T000976,U02319,2025-01-18,2000,success
T000977,U02320,2025-04-22,2000,success
T000978,U02323,2025-03-17,5000,success
T000979,U02324,2025-03-05,2000,success
T000980,U02325,2025-02-21,2000,success
T000981,U02326,2025-04-05,20000,success
T000982,U02328,2025-04-06,10000,success
T000983,U02329,2025-02-24,1000,success
T000984,U02331,2025-03-25,10000,success
T000985,U02334,2025-02-20,20000,success
T000986,U02336,2025-03-13,20000,success
T000987,U02337,2025-01-05,10000,success
T000988,U02339,2025-03-07,5000,success
T000989,U02341,2025-02-25,1000,success
T000990,U02345,2025-01-22,5000,success
T000991,U02349,2025-04-08,5000,success
T000992,U02361,2025-03-28,1000,success
T000993,U02364,2025-05-01,1000,success
T000994,U02365,2025-01-03,2000,success
T000995,U02366,2025-04-03,5000,success
T000996,U02373,2025-01-24,1000,success
T000997,U02376,2025-03-07,5000,success
T000998,U02385,2025-04-03,10000,success
T000999,U02388,2025-02-15,1000,success
T001000,U02389,2025-01-12,20000,success
T001001,U02390,2025-01-14,2000,success
T001002,U02392,2025-02-25,1000,success
T001003,U02397,2025-02-19,1000,success
T001004,U02399,2025-03-22,2000,success
T001005,U02400,2025-03-22,1000,success
T001006,U02401,2025-02-27,10000,success
T001007,U02406,2025-03-18,5000,success
T001008,U02413,2025-02-06,10000,success
T001009,U02414,2025-04-18,5000,success
T001010,U02415,2025-03-20,2000,success
T001011,U02420,2025-01-28,1000,success
T001012,U02422,2025-04-14,5000,success
T001013,U02425,2025-04-18,5000,success
T001014,U02426,2025-04-02,2000,success
T001015,U02429,2025-01-16,20000,success
T001016,U02439,2025-01-10,5000,success
T001017,U02446,2025-02-15,10000,success
T001018,U02447,2025-04-30,5000,success
T001019,U02448,2025-03-17,2000,success
T001020,U02451,2025-02-24,5000,success
T001021,U02452,2025-04-07,1000,success
T001022,U02453,2025-03-03,5000,success
T001023,U02460,2025-03-24,2000,success
T001024,U02462,2025-01-11,1000,success
T001025,U02463,2025-03-03,2000,success
T001026,U02469,2025-04-18,2000,success
T001027,U02470,2025-01-15,1000,success
T001028,U02471,2025-03-19,10000,success
T001029,U02472,2025-03-23,2000,success
T001030,U02475,2025-03-31,2000,success
T001031,U02476,2025-01-16,2000,success
T001032,U02478,2025-01-28,10000,success
T001033,U02479,2025-02-17,1000,success
T001034,U02481,2025-01-21,2000,success
T001035,U02482,2025-02-28,2000,success
T001036,U02483,2025-04-24,10000,success
T001037,U02484,2025-04-15,5000,success
T001038,U02486,2025-01-12,1000,success
T001039,U02488,2025-05-04,2000,success
T001040,U02497,2025-03-26,5000,success
T001041,U02505,2025-02-01,1000,success
T001042,U02507,2025-04-27,10000,success
T001043,U02512,2025-03-07,1000,success
T001044,U02514,2025-04-09,1000,success
T001045,U02516,2025-03-21,1000,success
T001046,U02526,2025-01-05,5000,success
T001047,U02528,2025-04-19,2000,success
T001048,U02529,2025-01-25,1000,success
T001049,U02531,2025-01-30,10000,success
T001050,U02533,2025-02-22,1000,success
T001051,U02534,2025-02-26,2000,success
T001052,U02535,2025-04-07,1000,success
T001053,U02537,2025-02-07,20000,success
T001054,U02540,2025-04-11,10000,success
T001055,U02542,2025-03-21,5000,success
T001056,U02543,2025-02-05,1000,success
T001057,U02546,2025-02-11,2000,success
T001058,U02555,2025-01-24,5000,success
T001059,U02558,2025-01-20,2000,success
T001060,U02562,2025-01-09,2000,success
T001061,U02563,2025-04-12,10000,success
T001062,U02564,2025-04-24,1000,success
T001063,U02567,2025-02-13,5000,success
T001064,U02568,2025-02-18,2000,success
T001065,U02570,2025-03-25,5000,success
T001066,U02575,2025-02-11,1000,success
T001067,U02579,2025-04-29,1000,success
T001068,U02583,2025-05-02,5000,success
T001069,U02585,2025-04-04,20000,success
T001070,U02589,2025-03-14,20000,success
T001071,U02592,2025-01-31,1000,success
T001072,U02593,2025-03-07,1000,success
T001073,U02595,2025-04-17,5000,success
T001074,U02596,2025-01-09,2000,success
T001075,U02598,2025-02-09,10000,success
T001076,U02599,2025-03-19,2000,success
T001077,U02600,2025-02-27,2000,success
T001078,U02603,2025-01-28,5000,success
T001079,U02604,2025-02-20,1000,success
T001080,U02605,2025-02-03,5000,success
T001081,U02606,2025-01-14,2000,success
T001082,U02607,2025-01-16,10000,success
T001083,U02609,2025-05-02,1000,success
T001084,U02612,2025-03-19,2000,success
T001085,U02613,2025-04-08,20000,success
T001086,U02616,2025-04-08,5000,success
T001087,U02625,2025-03-02,20000,success
T001088,U02630,2025-04-19,5000,success
T001089,U02632,2025-02-19,20000,success
T001090,U02635,2025-02-10,2000,success
T001091,U02636,2025-02-21,1000,success
T001092,U02637,2025-04-26,10000,success
T001093,U02639,2025-02-18,10000,success
T001094,U02641,2025-02-02,5000,success
T001095,U02645,2025-04-24,5000,success
T001096,U02649,2025-03-23,20000,success
T001097,U02650,2025-01-05,1000,success
T001098,U02654,2025-01-28,5000,success
T001099,U02660,2025-04-13,1000,success
T001100,U02662,2025-03-01,1000,success
T001101,U02664,2025-02-06,2000,success
T001102,U02667,2025-03-25,10000,success
T001103,U02668,2025-01-15,5000,success
T001104,U02675,2025-04-12,20000,success
T001105,U02676,2025-04-01,1000,success
T001106,U02678,2025-01-30,2000,success
T001107,U02679,2025-03-04,1000,success
T001108,U02680,2025-02-11,1000,success
T001109,U02683,2025-04-25,1000,success
T001110,U02684,2025-02-16,1000,success
T001111,U02685,2025-02-24,2000,success
T001112,U02686,2025-01-26,1000,success
T001113,U02687,2025-02-16,2000,success
T001114,U02693,2025-03-24,20000,success
T001115,U02694,2025-02-22,5000,success
T001116,U02695,2025-04-18,10000,success
T001117,U02696,2025-04-30,10000,success
T001118,U02699,2025-03-31,2000,success
T001119,U02702,2025-01-12,5000,success
T001120,U02710,2025-02-04,10000,success
T001121,U02713,2025-05-01,1000,success
T001122,U02715,2025-02-15,10000,success
T001123,U02719,2025-03-29,2000,success
T001124,U02721,2025-01-27,1000,success
T001125,U02722,2025-01-11,5000,success
T001126,U02723,2025-02-17,5000,success
T001127,U02724,2025-04-17,5000,success
T001128,U02725,2025-04-28,1000,success
T001129,U02733,2025-01-06,2000,success
T001130,U02735,2025-02-01,2000,success
T001131,U02738,2025-02-27,20000,success
T001132,U02739,2025-02-17,10000,success
T001133,U02740,2025-03-11,10000,success
T001134,U02741,2025-04-20,1000,success
T001135,U02742,2025-04-03,2000,success
T001136,U02744,2025-04-04,2000,success
T001137,U02745,2025-03-09,2000,success
T001138,U02748,2025-03-13,1000,success
T001139,U02751,2025-02-06,5000,success
T001140,U02752,2025-02-13,2000,success
T001141,U02753,2025-04-02,5000,success
T001142,U02757,2025-04-30,1000,success
T001143,U02759,2025-02-04,2000,success
T001144,U02760,2025-04-17,10000,success
T001145,U02761,2025-03-19,2000,success
T001146,U02762,2025-03-13,10000,success
T001147,U02763,2025-04-12,5000,success
T001148,U02767,2025-04-16,10000,success
T001149,U02768,2025-01-23,1000,success
T001150,U02769,2025-03-14,1000,success
T001151,U02771,2025-03-23,2000,success
T001152,U02775,2025-03-28,20000,success
T001153,U02777,2025-03-18,5000,success
T001154,U02781,2025-03-16,2000,success
T001155,U02782,2025-03-30,1000,success
T001156,U02783,2025-03-29,2000,success
T001157,U02785,2025-03-08,2000,success
T001158,U02789,2025-01-24,10000,success
T001159,U02792,2025-04-08,2000,success
T001160,U02795,2025-02-20,2000,success
T001161,U02796,2025-04-09,1000,success
T001162,U02797,2025-04-26,1000,success
T001163,U02798,2025-02-05,2000,success
T001164,U02799,2025-02-19,2000,success
T001165,U02808,2025-03-09,5000,success
T001166,U02812,2025-03-29,5000,success
T001167,U02814,2025-03-16,1000,success
T001168,U02816,2025-03-10,2000,success
T001169,U02817,2025-03-16,10000,success
T001170,U02819,2025-04-29,2000,success
T001171,U02820,2025-04-08,2000,success
T001172,U02822,2025-01-27,2000,success
T001173,U02823,2025-01-14,2000,success
T001174,U02824,2025-01-07,1000,success
T001175,U02826,2025-02-21,1000,success
T001176,U02831,2025-01-16,1000,success
T001177,U02832,2025-02-16,10000,success
T001178,U02833,2025-02-19,1000,success
T001179,U02834,2025-04-01,20000,success
T001180,U02835,2025-03-11,10000,success
T001181,U02836,2025-02-21,5000,success
T001182,U02837,2025-04-26,5000,success
T001183,U02842,2025-01-24,1000,success
T001184,U02843,2025-04-18,5000,success
T001185,U02845,2025-03-24,20000,success
T001186,U02849,2025-01-27,1000,success
T001187,U02852,2025-02-26,1000,success
T001188,U02856,2025-01-15,1000,success
T001189,U02860,2025-03-21,5000,success
T001190,U02861,2025-03-13,1000,success
T001191,U02866,2025-01-30,2000,success
T001192,U02867,2025-02-01,5000,success
T001193,U02869,2025-01-30,1000,success
T001194,U02874,2025-02-06,10000,success
T001195,U02875,2025-02-02,1000,success
T001196,U02876,2025-01-22,1000,success
T001197,U02879,2025-03-22,1000,success
T001198,U02880,2025-01-04,10000,success
T001199,U02884,2025-03-17,10000,success
T001200,U02886,2025-04-06,1000,success
T001201,U02887,2025-04-19,1000,success
T001202,U02888,2025-03-16,10000,success
T001203,U02890,2025-01-13,5000,success
T001204,U02891,2025-02-02,1000,success
T001205,U02892,2025-03-16,5000,success
T001206,U02893,2025-03-05,10000,success
T001207,U02894,2025-02-25,1000,success
T001208,U02904,2025-01-13,1000,success
T001209,U02905,2025-02-27,1000,success
T001210,U02909,2025-02-16,5000,success
T001211,U02910,2025-04-21,1000,success
T001212,U02915,2025-04-29,10000,success
T001213,U02916,2025-01-23,10000,success
T001214,U02917,2025-03-31,5000,success
T001215,U02918,2025-04-05,1000,success
T001216,U02919,2025-01-13,20000,success
T001217,U02923,2025-01-13,2000,success
T001218,U02925,2025-02-14,2000,success
T001219,U02927,2025-01-27,20000,success
T001220,U02928,2025-03-25,10000,success
T001221,U02929,2025-02-21,2000,success
T001222,U02930,2025-01-28,2000,success
T001223,U02931,2025-04-03,1000,success
T001224,U02934,2025-02-22,20000,success
T001225,U02936,2025-01-23,10000,success
T001226,U02937,2025-04-12,2000,success
T001227,U02939,2025-02-13,10000,success
T001228,U02942,2025-01-21,10000,success
T001229,U02943,2025-01-21,1000,success
T001230,U02944,2025-02-09,5000,success
T001231,U02945,2025-03-17,1000,success
T001232,U02946,2025-04-08,10000,success
T001233,U02950,2025-02-17,1000,success
T001234,U02952,2025-04-13,5000,success
T001235,U02954,2025-04-10,2000,success
T001236,U02957,2025-01-23,1000,success
T001237,U02958,2025-03-27,1000,success
T001238,U02969,2025-03-19,5000,success
T001239,U02970,2025-03-21,1000,success
T001240,U02976,2025-02-08,5000,success
T001241,U02978,2025-03-29,2000,success
T001242,U02983,2025-02-12,5000,success
T001243,U02984,2025-02-11,2000,success
T001244,U02985,2025-04-25,2000,success
T001245,U02987,2025-04-18,1000,success
T001246,U02988,2025-01-27,2000,success
T001247,U02989,2025-03-06,5000,success
T001248,U02990,2025-02-19,5000,success
T001249,U02991,2025-01-22,1000,success
T001250,U02993,2025-04-04,5000,success
T001251,U02994,2025-04-14,1000,success
T001252,U02996,2025-02-05,1000,success
T001253,U03000,2025-02-10,2000,success
T001254,U03004,2025-02-05,1000,success
T001255,U03005,2025-01-06,5000,success
T001256,U03006,2025-03-15,20000,success
T001257,U03010,2025-02-14,1000,success
T001258,U03015,2025-03-03,5000,success
T001259,U03016,2025-01-03,20000,success
T001260,U03017,2025-03-02,1000,success
T001261,U03020,2025-01-29,2000,success
T001262,U03021,2025-02-02,1000,success
T001263,U03022,2025-01-27,5000,success
T001264,U03023,2025-01-11,5000,success
T001265,U03025,2025-03-15,5000,success
T001266,U03027,2025-03-12,2000,success
T001267,U03028,2025-04-30,5000,success
T001268,U03029,2025-02-14,1000,success
T001269,U03034,2025-01-06,20000,success
T001270,U03035,2025-04-01,1000,success
T001271,U03037,2025-01-07,1000,success
T001272,U03038,2025-04-17,20000,success
T001273,U03040,2025-02-08,10000,success
T001274,U03049,2025-02-09,10000,success
T001275,U03052,2025-04-08,1000,success
T001276,U03053,2025-02-01,10000,success
T001277,U03057,2025-04-20,5000,success
T001278,U03058,2025-03-08,5000,success
T001279,U03061,2025-01-18,20000,success
T001280,U03062,2025-01-13,1000,success
T001281,U03068,2025-01-08,2000,success
T001282,U03069,2025-01-21,10000,success
T001283,U03073,2025-04-07,2000,success
T001284,U03079,2025-04-17,1000,success
T001285,U03080,2025-05-04,1000,success
T001286,U03081,2025-04-21,5000,success
T001287,U03083,2025-01-31,1000,success
T001288,U03084,2025-01-25,1000,success
T001289,U03086,2025-03-16,2000,success
T001290,U03088,2025-03-26,1000,success
T001291,U03095,2025-03-18,1000,success
T001292,U03096,2025-02-08,1000,success
T001293,U03100,2025-02-09,10000,success
T001294,U03103,2025-04-27,1000,success
T001295,U03104,2025-04-23,10000,success
T001296,U03106,2025-04-16,10000,success
T001297,U03108,2025-01-04,5000,success
T001298,U03109,2025-04-03,1000,success
T001299,U03110,2025-03-20,10000,success
T001300,U03111,2025-03-08,2000,success
T001301,U03112,2025-03-21,1000,success
T001302,U03114,2025-02-25,2000,success
T001303,U03117,2025-01-29,1000,success
T001304,U03125,2025-01-20,2000,success
T001305,U03126,2025-03-29,2000,success
T001306,U03132,2025-04-23,2000,success
T001307,U03133,2025-02-20,5000,success
T001308,U03134,2025-02-15,20000,success
T001309,U03135,2025-02-12,2000,success
T001310,U03140,2025-04-01,2000,success
T001311,U03143,2025-03-24,5000,success
T001312,U03144,2025-01-10,2000,success
T001313,U03146,2025-03-22,2000,success
T001314,U03147,2025-01-07,10000,success
T001315,U03153,2025-02-07,10000,success
T001316,U03155,2025-04-02,5000,success
T001317,U03156,2025-01-06,1000,success
T001318,U03157,2025-02-05,2000,success
T001319,U03159,2025-03-21,2000,success
T001320,U03160,2025-01-21,2000,success
T001321,U03162,2025-01-12,1000,success
T001322,U03171,2025-03-08,2000,success
T001323,U03173,2025-03-23,2000,success
T001324,U03174,2025-02-24,1000,success
T001325,U03177,2025-01-05,20000,success
T001326,U03179,2025-02-12,10000,success
T001327,U03180,2025-01-11,10000,success
T001328,U03183,2025-05-03,2000,success
T001329,U03185,2025-01-13,2000,success
T001330,U03186,2025-01-23,5000,success
T001331,U03189,2025-01-26,5000,success
T001332,U03190,2025-03-21,5000,success
T001333,U03192,2025-02-17,1000,success
T001334,U03193,2025-03-02,5000,success
T001335,U03195,2025-02-04,20000,success
T001336,U03199,2025-02-06,1000,success
T001337,U03200,2025-03-20,2000,success
T001338,U03204,2025-03-06,2000,success
T001339,U03205,2025-03-06,5000,success
T001340,U03206,2025-01-08,1000,success
T001341,U03211,2025-03-02,10000,success
T001342,U03212,2025-01-25,1000,success
T001343,U03213,2025-03-28,10000,success
T001344,U03217,2025-03-30,1000,success
T001345,U03218,2025-02-06,1000,success
T001346,U03221,2025-01-02,10000,success
T001347,U03225,2025-03-01,10000,success
T001348,U03227,2025-03-16,20000,success
T001349,U03229,2025-03-26,1000,success
T001350,U03231,2025-04-11,2000,success
T001351,U03232,2025-01-25,1000,success
T001352,U03234,2025-01-31,1000,success
T001353,U03249,2025-02-24,1000,success
T001354,U03250,2025-04-04,1000,success
T001355,U03251,2025-02-22,10000,success
T001356,U03252,2025-02-07,1000,success
T001357,U03256,2025-03-07,5000,success
T001358,U03257,2025-04-15,5000,success
T001359,U03259,2025-03-08,1000,success
T001360,U03260,2025-03-05,20000,success
T001361,U03262,2025-01-11,2000,success
T001362,U03263,2025-02-02,20000,success
T001363,U03264,2025-04-04,20000,success
T001364,U03270,2025-01-06,20000,success
T001365,U03272,2025-01-07,10000,success
T001366,U03276,2025-05-02,1000,success
T001367,U03277,2025-04-13,1000,success
T001368,U03281,2025-03-31,5000,success
T001369,U03282,2025-03-03,2000,success
T001370,U03289,2025-04-02,10000,success
T001371,U03293,2025-02-25,5000,success
T001372,U03294,2025-03-27,1000,success
T001373,U03296,2025-02-19,1000,success
T001374,U03297,2025-02-04,1000,success
T001375,U03304,2025-03-07,5000,success
T001376,U03305,2025-01-21,1000,success
T001377,U03307,2025-02-26,5000,success
T001378,U03308,2025-04-30,5000,success
T001379,U03311,2025-02-04,1000,success
T001380,U03312,2025-02-26,5000,success
T001381,U03316,2025-04-11,5000,success
T001382,U03318,2025-04-06,2000,success
T001383,U03319,2025-02-23,20000,success
T001384,U03322,2025-02-13,1000,success
T001385,U03325,2025-01-16,2000,success
T001386,U03336,2025-02-19,10000,success
T001387,U03337,2025-02-01,2000,success
T001388,U03339,2025-01-16,2000,success
T001389,U03340,2025-04-24,5000,success
T001390,U03343,2025-04-14,5000,success
T001391,U03344,2025-01-24,1000,success
T001392,U03347,2025-05-03,2000,success
T001393,U03349,2025-01-10,2000,success
T001394,U03352,2025-03-16,5000,success
T001395,U03356,2025-03-02,5000,success
T001396,U03357,2025-03-30,5000,success
T001397,U03358,2025-04-02,5000,success
T001398,U03360,2025-03-26,1000,success
T001399,U03361,2025-03-13,1000,success
T001400,U03364,2025-03-08,2000,success
T001401,U03366,2025-04-16,1000,success
T001402,U03367,2025-01-09,5000,success
T001403,U03368,2025-03-21,5000,success
T001404,U03376,2025-04-11,1000,success
T001405,U03377,2025-01-28,10000,success
T001406,U03382,2025-04-17,2000,success
T001407,U03391,2025-01-09,1000,success
T001408,U03393,2025-01-29,1000,success
T001409,U03394,2025-02-22,2000,success
T001410,U03397,2025-01-07,2000,success
T001411,U03400,2025-04-30,10000,success
T001412,U03401,2025-04-08,2000,success
T001413,U03403,2025-03-07,20000,success
T001414,U03410,2025-03-26,1000,success
T001415,U03412,2025-01-11,5000,success
T001416,U03414,2025-01-27,10000,success
T001417,U03415,2025-03-17,1000,success
T001418,U03416,2025-03-11,1000,success
T001419,U03417,2025-03-24,2000,success
T001420,U03418,2025-02-23,20000,success
T001421,U03424,2025-04-19,5000,success
T001422,U03426,2025-03-31,5000,success
T001423,U03429,2025-04-25,5000,success
T001424,U03432,2025-02-09,1000,success
T001425,U03433,2025-01-17,2000,success
T001426,U03434,2025-04-05,1000,success
T001427,U03435,2025-04-17,2000,success
T001428,U03436,2025-01-04,10000,success
T001429,U03438,2025-01-15,5000,success
T001430,U03446,2025-01-16,20000,success
T001431,U03449,2025-01-18,1000,success
T001432,U03455,2025-04-20,2000,success
T001433,U03456,2025-03-04,10000,success
T001434,U03457,2025-03-24,1000,success
T001435,U03459,2025-04-24,1000,success
T001436,U03461,2025-04-29,2000,success
T001437,U03463,2025-03-29,2000,success
T001438,U03466,2025-02-04,20000,success
T001439,U03471,2025-01-24,2000,success
T001440,U03472,2025-04-12,10000,success
T001441,U03473,2025-02-07,10000,success
T001442,U03476,2025-02-12,1000,success
T001443,U03479,2025-04-21,5000,success
T001444,U03481,2025-01-19,1000,success
T001445,U03482,2025-01-24,1000,success
T001446,U03484,2025-01-25,10000,success
T001447,U03485,2025-01-11,1000,success
T001448,U03486,2025-02-17,2000,success
T001449,U03487,2025-04-16,2000,success
T001450,U03488,2025-04-22,1000,success
T001451,U03489,2025-01-11,2000,success
T001452,U03491,2025-04-22,2000,success
T001453,U03494,2025-04-01,2000,success
T001454,U03497,2025-04-03,20000,success
T001455,U03498,2025-01-26,2000,success
T001456,U03501,2025-01-19,1000,success
T001457,U03503,2025-01-04,1000,success
T001458,U03506,2025-03-25,5000,success
T001459,U03509,2025-02-24,5000,success
T001460,U03520,2025-03-06,20000,success
T001461,U03521,2025-04-12,5000,success
T001462,U03523,2025-01-05,1000,success
T001463,U03524,2025-03-06,1000,success
T001464,U03525,2025-05-01,2000,success
T001465,U03526,2025-01-22,5000,success
T001466,U03527,2025-01-25,1000,success
T001467,U03530,2025-02-13,5000,success
T001468,U03532,2025-04-25,10000,success
T001469,U03539,2025-01-18,5000,success
T001470,U03542,2025-04-24,5000,success
T001471,U03543,2025-01-05,10000,success
T001472,U03544,2025-01-05,1000,success
T001473,U03546,2025-01-07,1000,success
T001474,U03549,2025-04-10,1000,success
T001475,U03552,2025-04-11,1000,success
T001476,U03557,2025-02-18,20000,success
T001477,U03560,2025-02-01,1000,success
T001478,U03561,2025-03-10,5000,success
T001479,U03562,2025-02-12,5000,success
T001480,U03565,2025-01-10,5000,success
T001481,U03567,2025-02-08,5000,success
T001482,U03569,2025-04-18,2000,success
T001483,U03570,2025-03-31,2000,success
T001484,U03571,2025-03-02,20000,success
T001485,U03572,2025-02-28,1000,success
T001486,U03579,2025-01-22,1000,success
T001487,U03580,2025-03-19,2000,success
T001488,U03582,2025-04-30,2000,success
T001489,U03584,2025-05-05,2000,success
T001490,U03592,2025-01-07,20000,success
T001491,U03594,2025-01-14,10000,success
T001492,U03599,2025-02-09,10000,success
T001493,U03601,2025-03-31,2000,success
T001494,U03602,2025-02-27,1000,success
T001495,U03606,2025-03-18,10000,success
T001496,U03608,2025-02-20,10000,success
T001497,U03612,2025-02-14,2000,success
T001498,U03617,2025-01-08,10000,success
T001499,U03618,2025-04-08,20000,success
T001500,U03619,2025-01-14,2000,success
T001501,U03623,2025-03-26,1000,success
T001502,U03624,2025-03-02,2000,success
T001503,U03625,2025-02-28,20000,success
T001504,U03628,2025-05-05,1000,success
T001505,U03630,2025-02-06,5000,success
T001506,U03631,2025-02-03,5000,success
T001507,U03632,2025-03-27,1000,success
T001508,U03633,2025-01-23,5000,success
T001509,U03634,2025-02-03,2000,success
T001510,U03635,2025-03-05,10000,success
T001511,U03636,2025-03-05,5000,success
T001512,U03638,2025-02-20,10000,success
T001513,U03639,2025-03-07,1000,success
T001514,U03640,2025-04-25,1000,success
T001515,U03643,2025-01-27,10000,success
T001516,U03644,2025-04-23,2000,success
T001517,U03646,2025-02-03,1000,success
T001518,U03647,2025-02-28,1000,success
T001519,U03648,2025-04-14,2000,success
T001520,U03652,2025-03-09,1000,success
T001521,U03658,2025-02-25,5000,success
T001522,U03664,2025-04-26,5000,success
T001523,U03668,2025-03-20,2000,success
T001524,U03670,2025-05-02,20000,success
T001525,U03672,2025-02-06,1000,success
T001526,U03675,2025-01-06,2000,success
T001527,U03679,2025-04-03,1000,success
T001528,U03680,2025-01-19,10000,success
T001529,U03681,2025-03-13,20000,success
T001530,U03683,2025-03-21,2000,success
T001531,U03684,2025-03-20,2000,success
T001532,U03688,2025-01-20,1000,success
T001533,U03689,2025-03-11,10000,success
T001534,U03690,2025-04-27,5000,success
T001535,U03696,2025-04-21,10000,success
T001536,U03698,2025-04-06,1000,success
T001537,U03700,2025-04-21,2000,success
T001538,U03701,2025-03-12,5000,success
T001539,U03702,2025-03-27,10000,success
T001540,U03707,2025-02-15,2000,success
T001541,U03708,2025-02-07,2000,success
T001542,U03713,2025-04-06,20000,success
T001543,U03714,2025-03-10,1000,success
T001544,U03716,2025-03-27,2000,success
T001545,U03718,2025-01-23,2000,success
T001546,U03719,2025-03-20,1000,success
T001547,U03720,2025-03-07,2000,success
T001548,U03721,2025-01-05,5000,success
T001549,U03722,2025-04-15,2000,success
T001550,U03724,2025-04-05,2000,success
T001551,U03726,2025-04-15,10000,success
T001552,U03727,2025-02-10,20000,success
T001553,U03728,2025-04-27,10000,success
T001554,U03731,2025-01-28,10000,success
T001555,U03732,2025-03-03,20000,success
T001556,U03733,2025-04-13,10000,success
T001557,U03737,2025-02-17,20000,success
T001558,U03738,2025-03-02,5000,success
T001559,U03739,2025-04-24,5000,success
T001560,U03744,2025-01-24,5000,success
T001561,U03746,2025-02-11,20000,success
T001562,U03748,2025-02-01,5000,success
T001563,U03753,2025-03-31,10000,success
T001564,U03755,2025-01-11,1000,success
T001565,U03761,2025-01-16,20000,success
T001566,U03764,2025-02-28,2000,success
T001567,U03768,2025-03-23,1000,success
T001568,U03769,2025-03-13,10000,success
T001569,U03771,2025-03-16,2000,success
T001570,U03772,2025-02-14,1000,success
T001571,U03777,2025-03-27,1000,success
T001572,U03779,2025-02-28,1000,success
T001573,U03780,2025-01-25,1000,success
T001574,U03783,2025-02-04,5000,success
T001575,U03784,2025-04-03,10000,success
T001576,U03785,2025-01-09,2000,success
T001577,U03786,2025-03-15,5000,success
T001578,U03787,2025-01-17,10000,success
T001579,U03789,2025-02-04,2000,success
T001580,U03790,2025-05-05,5000,success
T001581,U03792,2025-01-22,2000,success
T001582,U03795,2025-02-17,5000,success
T001583,U03797,2025-01-23,1000,success
T001584,U03798,2025-02-15,20000,success
T001585,U03800,2025-04-20,1000,success
T001586,U03801,2025-05-02,2000,success
T001587,U03802,2025-01-16,1000,success
T001588,U03805,2025-03-02,5000,success
T001589,U03806,2025-01-23,2000,success
T001590,U03808,2025-03-12,2000,success
T001591,U03810,2025-04-02,1000,success
T001592,U03811,2025-04-04,1000,success
T001593,U03814,2025-02-20,10000,success
T001594,U03818,2025-03-26,1000,success
T001595,U03819,2025-01-14,10000,success
T001596,U03823,2025-02-19,2000,success
T001597,U03824,2025-05-01,1000,success
T001598,U03827,2025-03-14,1000,success
T001599,U03828,2025-03-29,10000,success
T001600,U03833,2025-03-03,5000,success
T001601,U03834,2025-03-05,1000,success
T001602,U03837,2025-03-03,5000,success
T001603,U03840,2025-02-13,10000,success
T001604,U03841,2025-03-31,2000,success
T001605,U03842,2025-02-20,5000,success
T001606,U03843,2025-01-21,1000,success
T001607,U03848,2025-04-14,1000,success
T001608,U03851,2025-03-28,2000,success
T001609,U03854,2025-01-24,10000,success
T001610,U03857,2025-03-11,2000,success
T001611,U03861,2025-04-27,2000,success
T001612,U03862,2025-02-21,2000,success
T001613,U03863,2025-02-12,2000,success
T001614,U03864,2025-03-31,2000,success
T001615,U03869,2025-02-09,5000,success
T001616,U03871,2025-03-01,1000,success
T001617,U03879,2025-02-01,10000,success
T001618,U03880,2025-01-11,1000,success
T001619,U03881,2025-01-23,5000,success
T001620,U03884,2025-03-14,2000,success
T001621,U03885,2025-04-24,10000,success
T001622,U03886,2025-04-29,10000,success
T001623,U03888,2025-01-19,1000,success
T001624,U03894,2025-05-01,5000,success
T001625,U03896,2025-01-16,1000,success
T001626,U03897,2025-02-01,1000,success
T001627,U03899,2025-02-12,20000,success
T001628,U03900,2025-03-05,1000,success
T001629,U03902,2025-01-31,1000,success
T001630,U03903,2025-04-26,1000,success
T001631,U03905,2025-03-11,2000,success
T001632,U03906,2025-01-28,20000,success
T001633,U03907,2025-05-02,1000,success
T001634,U03915,2025-01-09,2000,success
T001635,U03920,2025-02-20,2000,success
T001636,U03924,2025-02-24,2000,success
T001637,U03925,2025-01-12,5000,success
T001638,U03926,2025-05-04,5000,success
T001639,U03928,2025-03-21,2000,success
T001640,U03931,2025-04-08,10000,success
T001641,U03938,2025-01-10,1000,success
T001642,U03939,2025-02-19,1000,success
T001643,U03943,2025-04-17,20000,success
T001644,U03945,2025-02-11,5000,success
T001645,U03946,2025-03-03,10000,success
T001646,U03948,2025-03-16,5000,success
T001647,U03951,2025-01-10,2000,success
T001648,U03952,2025-03-23,5000,success
T001649,U03953,2025-01-05,1000,success
T001650,U03955,2025-01-04,10000,success
T001651,U03957,2025-04-27,2000,success
T001652,U03958,2025-04-18,20000,success
T001653,U03964,2025-05-01,5000,success
T001654,U03966,2025-04-17,1000,success
T001655,U03969,2025-04-21,2000,success
T001656,U03970,2025-04-15,1000,success
T001657,U03972,2025-04-07,5000,success
T001658,U03973,2025-03-15,2000,success
T001659,U03974,2025-04-23,2000,success
T001660,U03975,2025-04-29,20000,success
T001661,U03977,2025-02-05,20000,success
T001662,U03979,2025-01-13,20000,success
T001663,U03981,2025-02-18,1000,success
T001664,U03984,2025-01-04,5000,success
T001665,U03985,2025-03-06,20000,success
T001666,U03987,2025-05-03,5000,success
T001667,U03991,2025-01-14,1000,success
T001668,U03992,2025-02-03,10000,success
T001669,U03993,2025-01-07,10000,success
T001670,U03994,2025-01-28,5000,success
T001671,U03996,2025-04-05,1000,success
T001672,U03998,2025-05-01,1000,success
T001673,U04000,2025-03-11,5000,success
T001674,U04001,2025-01-27,2000,success
T001675,U04004,2025-03-13,5000,success
T001676,U04006,2025-01-23,1000,success
T001677,U04007,2025-02-05,1000,success
T001678,U04008,2025-01-28,2000,success
T001679,U04015,2025-04-27,1000,success
T001680,U04016,2025-04-14,5000,success
T001681,U04018,2025-01-07,2000,success
T001682,U04019,2025-03-30,5000,success
T001683,U04020,2025-03-03,10000,success
T001684,U04021,2025-02-14,1000,success
T001685,U04022,2025-01-13,20000,success
T001686,U04028,2025-03-28,10000,success
T001687,U04030,2025-04-14,5000,success
T001688,U04031,2025-03-28,20000,success
T001689,U04032,2025-01-04,1000,success
T001690,U04033,2025-03-20,2000,success
T001691,U04038,2025-01-21,1000,success
T001692,U04039,2025-01-31,2000,success
T001693,U04043,2025-02-08,2000,success
T001694,U04044,2025-03-27,5000,success
T001695,U04045,2025-02-08,1000,success
T001696,U04046,2025-02-26,1000,success
T001697,U04047,2025-02-04,2000,success
T001698,U04053,2025-03-20,1000,success
T001699,U04054,2025-03-01,10000,success
T001700,U04063,2025-01-21,5000,success
T001701,U04064,2025-04-01,2000,success
T001702,U04065,2025-02-04,1000,success
T001703,U04071,2025-04-13,1000,success
T001704,U04072,2025-02-13,5000,success
T001705,U04073,2025-05-03,20000,success
T001706,U04074,2025-02-02,2000,success
T001707,U04076,2025-02-09,10000,success
T001708,U04077,2025-03-15,10000,success
T001709,U04081,2025-03-13,1000,success
T001710,U04082,2025-04-30,20000,success
T001711,U04083,2025-03-30,2000,success
T001712,U04085,2025-03-09,20000,success
T001713,U04086,2025-01-10,2000,success
T001714,U04090,2025-02-12,1000,success
T001715,U04093,2025-01-27,20000,success
T001716,U04094,2025-04-11,1000,success
T001717,U04098,2025-02-20,10000,success
T001718,U04101,2025-04-16,1000,success
T001719,U04104,2025-02-10,5000,success
T001720,U04107,2025-03-19,2000,success
T001721,U04108,2025-03-24,20000,success
T001722,U04110,2025-04-28,1000,success
T001723,U04115,2025-03-04,2000,success
T001724,U04120,2025-02-10,5000,success
T001725,U04121,2025-01-17,20000,success
T001726,U04123,2025-05-01,2000,success
T001727,U04124,2025-03-15,2000,success
T001728,U04128,2025-02-01,2000,success
T001729,U04129,2025-03-24,1000,success
T001730,U04131,2025-04-26,10000,success
T001731,U04132,2025-01-30,1000,success
T001732,U04133,2025-02-12,5000,success
T001733,U04136,2025-01-31,2000,success
T001734,U04140,2025-02-20,1000,success
T001735,U04142,2025-04-22,2000,success
T001736,U04143,2025-02-22,10000,success
T001737,U04145,2025-02-16,2000,success
T001738,U04148,2025-01-31,1000,success
T001739,U04149,2025-03-26,1000,success
T001740,U04150,2025-02-16,10000,success
T001741,U04152,2025-03-25,2000,success
T001742,U04155,2025-05-01,20000,success
T001743,U04157,2025-02-18,5000,success
T001744,U04161,2025-02-07,2000,success
T001745,U04162,2025-02-26,5000,success
T001746,U04163,2025-03-07,2000,success
T001747,U04164,2025-02-08,20000,success
T001748,U04165,2025-02-12,2000,success
T001749,U04170,2025-02-04,1000,success
T001750,U04171,2025-05-05,5000,success
T001751,U04172,2025-02-24,5000,success
T001752,U04175,2025-03-18,10000,success
T001753,U04177,2025-04-11,20000,success
T001754,U04178,2025-04-20,2000,success
T001755,U04179,2025-03-06,2000,success
T001756,U04180,2025-03-22,2000,success
T001757,U04182,2025-02-15,20000,success
T001758,U04185,2025-04-06,20000,success
T001759,U04186,2025-01-10,20000,success
T001760,U04189,2025-04-23,1000,success
T001761,U04195,2025-04-08,2000,success
T001762,U04198,2025-02-21,1000,success
T001763,U04199,2025-02-01,2000,success
T001764,U04200,2025-01-16,1000,success
T001765,U04202,2025-01-15,1000,success
T001766,U04203,2025-03-09,2000,success
T001767,U04209,2025-02-18,2000,success
T001768,U04210,2025-01-25,1000,success
T001769,U04211,2025-04-16,1000,success
T001770,U04212,2025-03-13,5000,success
T001771,U04218,2025-01-13,1000,success
T001772,U04219,2025-03-11,5000,success
T001773,U04220,2025-02-05,2000,success
T001774,U04222,2025-04-14,10000,success
T001775,U04223,2025-03-30,1000,success
T001776,U04224,2025-04-09,1000,success
T001777,U04225,2025-03-09,5000,success
T001778,U04229,2025-02-19,20000,success
T001779,U04230,2025-02-14,1000,success
T001780,U04234,2025-02-19,1000,success
T001781,U04235,2025-02-19,20000,success
T001782,U04236,2025-01-18,1000,success
T001783,U04237,2025-04-17,1000,success
T001784,U04238,2025-01-24,20000,success
T001785,U04239,2025-01-27,10000,success
T001786,U04241,2025-04-08,2000,success
T001787,U04244,2025-01-25,20000,success
T001788,U04246,2025-02-11,5000,success
T001789,U04249,2025-02-24,1000,success
T001790,U04252,2025-03-17,5000,success
T001791,U04255,2025-01-04,2000,success
T001792,U04258,2025-02-14,5000,success
T001793,U04259,2025-03-13,20000,success
T001794,U04267,2025-04-16,1000,success
T001795,U04268,2025-01-05,5000,success
T001796,U04270,2025-03-29,2000,success
T001797,U04272,2025-01-10,1000,success
T001798,U04273,2025-03-30,5000,success
T001799,U04274,2025-01-26,5000,success
T001800,U04275,2025-03-26,10000,success
T001801,U04276,2025-01-18,10000,success
T001802,U04279,2025-01-06,5000,success
T001803,U04287,2025-04-04,2000,success
T001804,U04292,2025-01-15,2000,success
T001805,U04293,2025-02-05,2000,success
T001806,U04294,2025-02-18,1000,success
T001807,U04295,2025-04-22,5000,success
T001808,U04301,2025-04-16,5000,success
T001809,U04302,2025-02-18,5000,success
T001810,U04305,2025-03-06,20000,success
T001811,U04309,2025-04-08,1000,success
T001812,U04310,2025-04-02,2000,success
T001813,U04312,2025-03-29,5000,success
T001814,U04313,2025-04-29,5000,success
T001815,U04315,2025-03-07,1000,success
T001816,U04317,2025-04-19,2000,success
T001817,U04318,2025-04-19,1000,success
T001818,U04319,2025-02-24,10000,success
T001819,U04324,2025-02-23,10000,success
T001820,U04325,2025-02-10,1000,success
T001821,U04328,2025-01-26,1000,success
T001822,U04329,2025-02-23,1000,success
T001823,U04330,2025-03-05,1000,success
T001824,U04338,2025-04-23,1000,success
T001825,U04339,2025-01-23,1000,success
T001826,U04340,2025-01-16,2000,success
T001827,U04342,2025-02-21,2000,success
T001828,U04343,2025-02-20,5000,success
T001829,U04345,2025-02-13,2000,success
T001830,U04346,2025-04-19,10000,success
T001831,U04349,2025-03-16,20000,success
T001832,U04356,2025-04-22,2000,success
T001833,U04358,2025-02-19,1000,success
T001834,U04359,2025-04-05,1000,success
T001835,U04360,2025-04-16,1000,success
T001836,U04361,2025-04-05,2000,success
T001837,U04362,2025-03-16,5000,success
T001838,U04364,2025-01-31,2000,success
T001839,U04366,2025-02-17,1000,success
T001840,U04368,2025-02-01,10000,success
T001841,U04371,2025-03-30,1000,success
T001842,U04377,2025-03-12,1000,success
T001843,U04378,2025-03-14,5000,success
T001844,U04379,2025-04-09,1000,success
T001845,U04382,2025-03-25,5000,success
T001846,U04385,2025-04-23,20000,success
T001847,U04386,2025-01-31,10000,success
T001848,U04390,2025-04-09,1000,success
T001849,U04391,2025-03-20,2000,success
T001850,U04392,2025-04-30,2000,success
T001851,U04394,2025-02-13,20000,success
T001852,U04395,2025-02-10,20000,success
T001853,U04398,2025-02-04,1000,success
T001854,U04401,2025-03-12,20000,success
T001855,U04402,2025-02-25,1000,success
T001856,U04403,2025-03-18,2000,success
T001857,U04405,2025-01-10,2000,success
T001858,U04406,2025-01-20,1000,success
T001859,U04409,2025-05-01,10000,success
T001860,U04416,2025-01-28,2000,success
T001861,U04417,2025-05-02,10000,success
T001862,U04422,2025-01-22,20000,success
T001863,U04424,2025-02-14,10000,success
T001864,U04425,2025-01-07,2000,success
T001865,U04427,2025-02-11,5000,success
T001866,U04430,2025-04-20,2000,success
T001867,U04439,2025-02-20,10000,success
T001868,U04441,2025-01-27,1000,success
T001869,U04442,2025-01-26,5000,success
T001870,U04446,2025-01-23,10000,success
T001871,U04450,2025-02-06,10000,success
T001872,U04451,2025-04-12,20000,success
T001873,U04452,2025-02-15,1000,success
T001874,U04456,2025-04-14,2000,success
T001875,U04458,2025-03-03,2000,success
T001876,U04460,2025-04-11,2000,success
T001877,U04464,2025-02-01,2000,success
T001878,U04465,2025-02-18,1000,success
T001879,U04469,2025-01-25,10000,success
T001880,U04472,2025-02-19,20000,success
T001881,U04475,2025-05-02,1000,success
T001882,U04476,2025-04-11,1000,success
T001883,U04477,2025-02-05,1000,success
T001884,U04479,2025-02-10,2000,success
T001885,U04481,2025-02-27,10000,success
T001886,U04483,2025-02-10,1000,success
T001887,U04484,2025-01-10,5000,success
T001888,U04489,2025-03-08,1000,success
T001889,U04493,2025-01-31,20000,success
T001890,U04497,2025-04-04,10000,success
T001891,U04498,2025-02-07,20000,success
T001892,U04499,2025-02-15,1000,success
T001893,U04500,2025-04-23,2000,success
T001894,U04501,2025-04-08,1000,success
T001895,U04503,2025-01-15,5000,success
T001896,U04504,2025-02-21,1000,success
T001897,U04510,2025-02-07,10000,success
T001898,U04511,2025-02-22,5000,success
T001899,U04517,2025-02-04,5000,success
T001900,U04520,2025-04-21,10000,success
T001901,U04522,2025-03-11,2000,success
T001902,U04523,2025-02-01,1000,success
T001903,U04524,2025-05-04,5000,success
T001904,U04525,2025-03-30,20000,success
T001905,U04526,2025-03-04,5000,success
T001906,U04528,2025-03-20,5000,success
T001907,U04529,2025-02-19,20000,success
T001908,U04532,2025-01-31,2000,success
T001909,U04533,2025-02-17,20000,success
T001910,U04536,2025-03-06,1000,success
T001911,U04537,2025-04-04,2000,success
T001912,U04540,2025-02-22,1000,success
T001913,U04542,2025-03-05,2000,success
T001914,U04547,2025-04-11,1000,success
T001915,U04549,2025-02-16,1000,success
T001916,U04550,2025-04-11,1000,success
T001917,U04554,2025-03-14,2000,success
T001918,U04557,2025-04-23,1000,success
T001919,U04558,2025-02-03,10000,success
T001920,U04564,2025-04-21,1000,success
T001921,U04565,2025-04-09,2000,success
T001922,U04569,2025-03-14,1000,success
T001923,U04573,2025-01-14,1000,success
T001924,U04576,2025-03-29,10000,success
T001925,U04577,2025-02-25,10000,success
T001926,U04581,2025-02-16,10000,success
T001927,U04584,2025-04-23,2000,success
T001928,U04585,2025-02-24,1000,success
T001929,U04586,2025-04-25,1000,success
T001930,U04587,2025-03-28,5000,success
T001931,U04588,2025-02-20,10000,success
T001932,U04589,2025-04-20,20000,success
T001933,U04590,2025-01-24,1000,success
T001934,U04592,2025-01-14,2000,success
T001935,U04593,2025-04-14,1000,success
T001936,U04594,2025-03-12,10000,success
T001937,U04595,2025-04-28,1000,success
T001938,U04600,2025-04-11,2000,success
T001939,U04601,2025-01-15,20000,success
T001940,U04604,2025-01-17,10000,success
T001941,U04605,2025-04-14,1000,success
T001942,U04606,2025-02-26,1000,success
T001943,U04610,2025-04-18,10000,success
T001944,U04613,2025-01-22,5000,success
T001945,U04614,2025-02-06,5000,success
T001946,U04615,2025-04-17,1000,success
T001947,U04623,2025-04-28,10000,success
T001948,U04629,2025-01-13,10000,success
T001949,U04631,2025-02-19,10000,success
T001950,U04633,2025-01-17,2000,success
T001951,U04634,2025-05-03,1000,success
T001952,U04635,2025-01-25,1000,success
T001953,U04641,2025-03-25,20000,success
T001954,U04643,2025-01-20,1000,success
T001955,U04651,2025-01-29,1000,success
T001956,U04652,2025-02-18,1000,success
T001957,U04654,2025-04-22,10000,success
T001958,U04656,2025-04-10,10000,success
T001959,U04660,2025-04-16,10000,success
T001960,U04662,2025-02-03,5000,success
T001961,U04664,2025-03-31,20000,success
T001962,U04666,2025-01-20,1000,success
T001963,U04669,2025-03-10,10000,success
T001964,U04671,2025-04-27,2000,success
T001965,U04672,2025-03-26,2000,success
T001966,U04673,2025-02-24,1000,success
T001967,U04674,2025-02-25,1000,success
T001968,U04675,2025-03-24,2000,success
T001969,U04676,2025-04-06,1000,success
T001970,U04678,2025-04-07,2000,success
T001971,U04683,2025-01-11,1000,success
T001972,U04684,2025-04-25,1000,success
T001973,U04687,2025-03-17,10000,success
T001974,U04688,2025-03-18,20000,success
T001975,U04689,2025-04-28,20000,success
T001976,U04690,2025-02-17,5000,success
T001977,U04691,2025-03-26,10000,success
T001978,U04693,2025-04-25,10000,success
T001979,U04694,2025-04-09,5000,success
T001980,U04695,2025-04-09,2000,success
T001981,U04701,2025-03-04,1000,success
T001982,U04707,2025-02-05,1000,success
T001983,U04708,2025-05-02,10000,success
T001984,U04712,2025-01-23,5000,success
T001985,U04715,2025-02-15,2000,success
T001986,U04718,2025-01-12,1000,success
T001987,U04720,2025-03-10,1000,success
T001988,U04721,2025-01-23,5000,success
T001989,U04722,2025-03-24,2000,success
T001990,U04725,2025-02-15,2000,success
T001991,U04726,2025-01-26,2000,success
T001992,U04727,2025-02-07,5000,success
T001993,U04735,2025-04-27,20000,success
T001994,U04736,2025-01-13,20000,success
T001995,U04738,2025-04-26,1000,success
T001996,U04739,2025-04-17,2000,success
T001997,U04740,2025-03-18,2000,success
T001998,U04741,2025-01-31,2000,success
T001999,U04742,2025-01-12,5000,success
T002000,U04745,2025-02-10,1000,success
T002001,U04748,2025-01-06,10000,success
T002002,U04749,2025-01-17,2000,success
T002003,U04750,2025-02-06,20000,success
T002004,U04753,2025-01-12,1000,success
T002005,U04754,2025-01-06,1000,success
T002006,U04756,2025-03-16,5000,success
T002007,U04757,2025-01-01,5000,success
T002008,U04758,2025-02-05,5000,success
T002009,U04759,2025-02-04,20000,success
T002010,U04760,2025-03-08,2000,success
T002011,U04764,2025-01-11,2000,success
T002012,U04768,2025-01-05,20000,success
T002013,U04769,2025-02-01,2000,success
T002014,U04771,2025-04-15,2000,success
T002015,U04772,2025-03-18,5000,success
T002016,U04773,2025-04-10,5000,success
T002017,U04775,2025-01-05,2000,success
T002018,U04778,2025-03-20,1000,success
T002019,U04779,2025-02-16,2000,success
T002020,U04780,2025-04-08,1000,success
T002021,U04783,2025-03-06,20000,success
T002022,U04788,2025-02-13,1000,success
T002023,U04789,2025-01-22,1000,success
T002024,U04791,2025-02-09,5000,success
T002025,U04792,2025-04-18,5000,success
T002026,U04793,2025-01-20,5000,success
T002027,U04794,2025-04-16,2000,success
T002028,U04796,2025-03-10,10000,success
T002029,U04797,2025-03-10,2000,success
T002030,U04798,2025-04-03,2000,success
T002031,U04799,2025-01-14,10000,success
T002032,U04802,2025-02-02,1000,success
T002033,U04803,2025-02-04,10000,success
T002034,U04810,2025-03-01,2000,success
T002035,U04814,2025-04-16,20000,success
T002036,U04815,2025-02-28,1000,success
T002037,U04820,2025-02-02,20000,success
T002038,U04821,2025-02-22,5000,success
T002039,U04822,2025-01-18,5000,success
T002040,U04823,2025-01-24,2000,success
T002041,U04825,2025-02-23,20000,success
T002042,U04826,2025-01-24,2000,success
T002043,U04827,2025-03-02,2000,success
T002044,U04828,2025-01-29,10000,success
T002045,U04829,2025-03-28,1000,success
T002046,U04830,2025-02-02,1000,success
T002047,U04832,2025-02-27,10000,success
T002048,U04836,2025-03-18,1000,success
T002049,U04838,2025-04-15,10000,success
T002050,U04841,2025-02-24,5000,success
T002051,U04846,2025-02-21,2000,success
T002052,U04848,2025-04-21,1000,success
T002053,U04856,2025-01-08,10000,success
T002054,U04859,2025-04-02,10000,success
T002055,U04863,2025-05-01,2000,success
T002056,U04864,2025-02-05,2000,success
T002057,U04866,2025-02-06,1000,success
T002058,U04867,2025-03-27,10000,success
T002059,U04872,2025-03-22,5000,success
T002060,U04875,2025-03-01,1000,success
T002061,U04876,2025-04-10,10000,success
T002062,U04880,2025-01-20,10000,success
T002063,U04882,2025-03-30,1000,success
T002064,U04888,2025-01-09,10000,success
T002065,U04889,2025-02-12,10000,success
T002066,U04890,2025-01-07,20000,success
T002067,U04891,2025-03-15,1000,success
T002068,U04893,2025-03-09,2000,success
T002069,U04898,2025-04-19,20000,success
T002070,U04900,2025-01-12,1000,success
T002071,U04902,2025-02-06,2000,success
T002072,U04908,2025-02-25,2000,success
T002073,U04918,2025-01-21,5000,success
T002074,U04920,2025-04-01,2000,success
T002075,U04921,2025-04-01,20000,success
T002076,U04924,2025-03-04,1000,success
T002077,U04926,2025-04-03,5000,success
T002078,U04931,2025-01-24,2000,success
T002079,U04933,2025-01-22,1000,success
T002080,U04934,2025-04-23,1000,success
T002081,U04937,2025-02-05,20000,success
T002082,U04938,2025-01-29,5000,success
T002083,U04939,2025-04-21,5000,success
T002084,U04947,2025-01-24,10000,success
T002085,U04949,2025-03-29,1000,success
T002086,U04951,2025-01-16,5000,success
T002087,U04955,2025-04-16,1000,success
T002088,U04956,2025-05-02,5000,success
T002089,U04962,2025-02-21,1000,success
T002090,U04963,2025-04-23,10000,success
T002091,U04966,2025-04-11,5000,success
T002092,U04968,2025-04-19,2000,success
T002093,U04969,2025-03-14,2000,success
T002094,U04971,2025-01-13,1000,success
T002095,U04973,2025-04-13,20000,success
T002096,U04975,2025-04-13,1000,success
T002097,U04977,2025-01-03,2000,success
T002098,U04980,2025-03-18,1000,success
T002099,U04984,2025-02-28,20000,success
T002100,U04985,2025-04-01,5000,success
T002101,U04986,2025-04-13,1000,success
T002102,U04987,2025-04-14,5000,success
T002103,U04989,2025-03-30,20000,success
T002104,U04990,2025-02-19,5000,success
T002105,U04991,2025-04-21,2000,success
T002106,U04993,2025-01-09,1000,success
T002107,U04998,2025-01-20,1000,success
T002108,U04999,2025-01-07,1000,success
